Homewood,400,Madison
Homewood,531,Madison
Homewood,322,Madison
Homewood,305,Madison
Homewood,319,Madison
Homewood,507,Madison
Homewood,316,Madison
Homewood,517,Madison
Homewood,207,Madison
Homewood,507,Madison
Homewood,320,Madison
Homewood,220,Madison
Homewood,120,Madison
Homewood,304,Madison
Homewood,501,Madison
Homewood,312,Madison
Homewood,326,Madison
Homewood,422,Madison
Homewood,409,Madison
Homewood,518,Madison
Homewood,415,Madison
Homewood,408,Madison
Homewood,414,Madison
Hampton,422,Madison
Hampton,411,Dayton
Hyatt,607,Madison
Candlewood,320,Madison